Total_strain,Slip_strain,Time,Slip Count,Creep,Elastic,Hygroexp,Number_of_fibers,Load,Moisture,Broken
0.0,0.0,0.0,0.0,0.0,0.0,0.0,40000.0,0.0,0.0,0
0.0,0.0,5.0,0.0,0.0,0.0,0.0,40000.0,0.0,0.0,0
2.3426968390843177,0.3845451655690114,5.0,14839.0,0.0,1.9632955983637592,0.0,39872.0,1.5053946557299966,0.0,0
2.3426968390843177,0.3845451655690114,5.0,14839.0,0.0,1.9632955983637592,0.0,39872.0,1.5053946557299966,0.0,0
2.5595750019301695,0.49195056740881826,6.0,17488.0,0.10979364512703352,1.9646259781141877,0.0,39845.0,1.5053946557299966,0.0,0
2.6380903238689357,0.5348114888806402,7.0,18501.0,0.14563851373936348,1.9652178369181277,0.0,39833.0,1.5053946557299966,0.0,0
2.6858790703142628,0.5600202123517879,8.0,19091.0,0.16825360997375277,1.9653165147237028,0.0,39831.0,1.5053946557299966,0.0,0
2.723337261135223,0.5805287142588946,9.0,19567.0,0.185296471510816,1.9655632525977949,0.0,39826.0,1.5053946557299966,0.0,0
2.758346964336856,0.6013370784456232,10.0,20051.0,0.19963601433209457,1.9659087897224887,0.0,39819.0,1.5053946557299966,0.0,0
2.7875939949557966,0.6179216347102044,11.0,20426.0,0.2123596317716742,1.9660569142545663,0.0,39816.0,1.5053946557299966,0.0,0
2.820165727323633,0.6389967257853887,12.0,20880.0,0.2239619924802374,1.9663038380839408,0.0,39811.0,1.5053946557299966,0.0,0
2.844687121308508,0.6528858735697045,13.0,21200.0,0.23463839903208356,1.96640262498329,0.0,39809.0,1.5053946557299966,0.0,0
2.8726360423621595,0.6710045332992888,14.0,21580.0,0.24453673399224057,1.9665508239451288,0.0,39806.0,1.5053946557299966,0.0,0
2.8957563793802197,0.6849746898484248,15.0,21879.0,0.2537335006369044,1.966649635663747,0.0,39804.0,1.5053946557299966,0.0,0
2.92168498027237,0.7023983540793299,16.0,22239.0,0.2623101079039618,1.966797871861506,0.0,39801.0,1.5053946557299966,0.0,0
2.946134956900656,0.7189119852220551,17.0,22568.0,0.2703200206109119,1.9669461304075517,0.0,39798.0,1.5053946557299966,0.0,0
2.972929206931379,0.7383417689135411,18.0,22966.0,0.2778356296760335,1.9672427145647315,0.0,39792.0,1.5053946557299966,0.0,0
2.9909172332554057,0.7493975737894293,19.0,23212.0,0.28487113198410363,1.9674404870302546,0.0,39788.0,1.5053946557299966,0.0,0
3.0121083494465015,0.7640456277973648,20.0,23520.0,0.2914671850025044,1.9675393881757353,0.0,39786.0,1.5053946557299966,0.0,0
3.0366115829379123,0.7823551852766468,21.0,23896.0,0.29766086101463346,1.9675393881757353,0.0,39786.0,1.5053946557299966,0.0,0
3.0550570911332713,0.7950008627512284,22.0,24150.0,0.3035152345229401,1.9676382992650263,0.0,39784.0,1.5053946557299966,0.0,0
3.067699234622856,0.8021658151903109,23.0,24312.0,0.30904791250219593,1.967737220299628,0.0,39782.0,1.5053946557299966,0.0,0
3.0862693444865568,0.8156145622886375,24.0,24566.0,0.3143098963792797,1.9679845664067115,0.0,39777.0,1.5053946557299966,0.0,0
3.100068347335904,0.824477873269525,25.0,24753.0,0.3192741541427676,1.9680340430903003,0.0,39776.0,1.5053946557299966,0.0,0
3.1136589204140144,0.8333784468411338,26.0,24935.0,0.32399311672581266,1.9680835222617166,0.0,39775.0,1.5053946557299966,0.0,0
3.1331788682369597,0.8484327039304065,27.0,25234.0,0.3284881589898367,1.968133003921149,0.0,39774.0,1.5053946557299966,0.0,0
3.144822383438752,0.855859182192684,28.0,25394.0,0.33279448013433394,1.9682814638294177,0.0,39771.0,1.5053946557299966,0.0,0
3.1597167688792407,0.8666585631564188,29.0,25608.0,0.3368894846110877,1.9682814638294173,0.0,39771.0,1.5053946557299966,0.0,0
3.1715470487018176,0.8746104783976183,30.0,25771.0,0.340828638855291,1.9683804495451167,0.0,39769.0,1.5053946557299966,0.0,0
3.1855772692168447,0.884942989327602,31.0,25973.0,0.34461887019248344,1.9685289467877032,0.0,39766.0,1.5053946557299966,0.0,0
3.195465057227379,0.8912327255111301,32.0,26106.0,0.3482479237951701,1.9685784508477255,0.0,39765.0,1.5053946557299966,0.0,0
3.20594865729167,0.8982290821814075,33.0,26247.0,0.3517351671891846,1.9685784508477246,0.0,39765.0,1.5053946557299966,0.0,0
3.2141534051240046,0.9031384664855835,34.0,26350.0,0.355125287784395,1.9687269779679033,0.0,39762.0,1.5053946557299966,0.0,0
3.2227250467328776,0.908504552839448,35.0,26461.0,0.358394415914807,1.9688260084999945,0.0,39760.0,1.5053946557299966,0.0,0
3.2332764583471785,0.9159084731432101,36.0,26614.0,0.3615419072253451,1.9688260084999953,0.0,39760.0,1.5053946557299966,0.0,0
3.2446517399371158,0.9242798666606995,37.0,26784.0,0.36461023064717285,1.9689250489954169,0.0,39758.0,1.5053946557299966,0.0,0
3.253106361274178,0.9297964288569206,38.0,26892.0,0.36758080099268514,1.9689745729798478,0.0,39757.0,1.5053946557299966,0.0,0
3.2612645632868396,0.935099601966406,39.0,27005.0,0.3704685556759756,1.9690240994556751,0.0,39756.0,1.5053946557299966,0.0,0
3.275062035689897,0.9461911318494661,40.0,27217.0,0.37330654610786046,1.96922223027671,0.0,39752.0,1.5053946557299966,0.0,0
3.2856258404870267,0.9540239903107992,41.0,27362.0,0.37603749244365653,1.9692222302767108,0.0,39752.0,1.5053946557299966,0.0,0
3.2966289050862887,0.9624610967200985,42.0,27521.0,0.37873795060113213,1.9694204009751375,0.0,39748.0,1.5053946557299966,0.0,0
3.3084504091531817,0.9717051356384779,43.0,27704.0,0.3813493711310819,1.9694699498819992,0.0,39747.0,1.5053946557299966,0.0,0
3.316050761560292,0.9767867362524874,44.0,27813.0,0.3839023435600175,1.9695195012821363,0.0,39746.0,1.5053946557299966,0.0,0
3.3249184326681203,0.9831902514977037,45.0,27939.0,0.38640075041461347,1.9695690551757397,0.0,39745.0,1.5053946557299966,0.0,0
3.3345891268707932,0.9904481866541289,46.0,28081.0,0.38884797500411505,1.9696186115629977,0.0,39744.0,1.5053946557299966,0.0,0
3.341074285130923,0.9945943179721701,47.0,28161.0,0.3912564981639642,1.9697177318192292,0.0,39742.0,1.5053946557299966,0.0,0
3.3583611831345888,1.0096135950327756,48.0,28450.0,0.39362944096888264,1.9698664309106866,0.0,39739.0,1.5053946557299966,0.0,0
3.365070493671987,1.0140470254324034,49.0,28537.0,0.39594073014086145,1.9699160022638231,0.0,39738.0,1.5053946557299966,0.0,0
3.3733686186475866,1.0201362372397842,50.0,28651.0,0.3982208813119408,1.970015152455199,0.0,39736.0,1.5053946557299966,0.0,0
3.3857187856890327,1.0302899518097999,51.0,28843.0,0.40045307231602073,1.9700647312938169,0.0,39735.0,1.5053946557299966,0.0,0
3.3934709698943126,1.0358827010376483,52.0,28958.0,0.40264858871147263,1.9701143126279712,0.0,39734.0,1.5053946557299966,0.0,0
3.4032485590566948,1.043535888259736,53.0,29101.0,0.4048092755057188,1.9701638964578514,0.0,39733.0,1.5053946557299966,0.0,0
3.4109992337825386,1.0492758987296487,54.0,29207.0,0.4069662334345758,1.9703622567383974,0.0,39729.0,1.5053946557299966,0.0,0
3.4235411747035434,1.0597583189928415,55.0,29396.0,0.40906248005528295,1.9704118530497334,0.0,39728.0,1.5053946557299966,0.0,0
3.4288403929731306,1.063056144313912,56.0,29464.0,0.4111379668438081,1.9705110531631616,0.0,39726.0,1.5053946557299966,0.0,0
3.4384966827372114,1.0707132363116554,57.0,29606.0,0.41317447468416263,1.9705606569656327,0.0,39725.0,1.5053946557299966,0.0,0
3.4472897420431203,1.077508007807201,58.0,29727.0,0.4151727624945252,1.970560656965634,0.0,39725.0,1.5053946557299966,0.0,0
3.4599363510750742,1.0882113815540357,59.0,29920.0,0.41715387819476063,1.9706102632655258,0.0,39724.0,1.5053946557299966,0.0,0
3.479738759195686,1.106096785611288,60.0,30229.0,0.4191090044314669,1.9706598720630315,0.0,39723.0,1.5053946557299966,0.0,0
3.490766624288961,1.1152898735138477,61.0,30409.0,0.42105934496416036,1.9708087134430967,0.0,39720.0,1.5053946557299966,0.0,0
3.5041940371499045,1.1268788152937546,62.0,30619.0,0.4229755526843545,1.970907953521321,0.0,39718.0,1.5053946557299966,0.0,0
3.5138868919894906,1.1347572880613497,63.0,30760.0,0.4248681518876885,1.9710072035945159,0.0,39716.0,1.5053946557299966,0.0,0
3.5279280138285,1.1469492593458022,64.0,30994.0,0.42671730244224565,1.9710072035945156,0.0,39716.0,1.5053946557299966,0.0,0
3.546237369919599,1.1634616749469404,65.0,31291.0,0.4285541999153798,1.9710568323797004,0.0,39715.0,1.5053946557299966,0.0,0
3.557997921724506,1.173447200919342,66.0,31472.0,0.4303694698337407,1.9711064636641942,0.0,39714.0,1.5053946557299966,0.0,0
3.578160637455551,1.1918868079972993,67.0,31804.0,0.43217409880126667,1.971205733731864,0.0,39712.0,1.5053946557299966,0.0,0
3.5856510344395836,1.197675094629635,68.0,31925.0,0.4339582910472306,1.9713050137990373,0.0,39710.0,1.5053946557299966,0.0,0
3.5940102320478475,1.2043217602404703,69.0,32050.0,0.435711963637494,1.97135465758291,0.0,39709.0,1.5053946557299966,0.0,0
3.6075499575358783,1.2162928785231244,70.0,32267.0,0.4374881368619606,1.9716029140126883,0.0,39704.0,1.5053946557299966,0.0,0
3.612876539245471,1.2199458408426624,71.0,32338.0,0.4392035132011178,1.9716525728020495,0.0,39703.0,1.5053946557299966,0.0,0
3.6297456929672576,1.2351922780384252,72.0,32622.0,0.44091028445006614,1.9717518978856907,0.0,39701.0,1.5053946557299966,0.0,0
3.6421184760638794,1.2459614273206547,73.0,32816.0,0.44259876344491866,1.9718512329771478,0.0,39699.0,1.5053946557299966,0.0,0
3.6654538786737607,1.2677444152685464,74.0,33185.0,0.4442799945447012,1.9720002543822996,0.0,39696.0,1.5053946557299966,0.0,0
3.671318444432956,1.2720101051229304,75.0,33264.0,0.44592212058309505,1.9720499331895651,0.0,39695.0,1.5053946557299966,0.0,0
3.677054649068442,1.2761978068135953,76.0,33341.0,0.4475573549278446,1.9721492983135505,0.0,39693.0,1.5053946557299966,0.0,0
3.683105183535918,1.280717160173553,77.0,33419.0,0.44917558696857857,1.9722486734514062,0.0,39691.0,1.5053946557299966,0.0,0
3.6905494655143207,1.286581739281649,78.0,33523.0,0.4507552898388853,1.972248673451407,0.0,39691.0,1.5053946557299966,0.0,0
3.694047828534905,1.2885832047831212,79.0,33565.0,0.45233982922042515,1.9723480586046456,0.0,39689.0,1.5053946557299966,0.0,0
3.7088229099613335,1.301910847052834,80.0,33808.0,0.4539192515771773,1.972497155116661,0.0,39686.0,1.5053946557299966,0.0,0
3.72491294027372,1.3165036152689107,81.0,34089.0,0.45546096574949424,1.972546858963331,0.0,39685.0,1.5053946557299966,0.0,0
3.735912464174819,1.3260561646838593,82.0,34254.0,0.45699759758199104,1.9726462741718058,0.0,39683.0,1.5053946557299966,0.0,0
3.7502472077586715,1.3388918876662663,83.0,34473.0,0.4584966181834371,1.9726462741718056,0.0,39683.0,1.5053946557299966,0.0,0
3.7743560036291175,1.3615863793720369,84.0,34863.0,0.4600020974921169,1.9727456994017234,0.0,39681.0,1.5053946557299966,0.0,0
3.77816262690334,1.3639247644545756,85.0,34907.0,0.46147033568380036,1.9727456994017236,0.0,39681.0,1.5053946557299966,0.0,0
3.7905350228023567,1.3749140220097409,86.0,35096.0,0.46294558504888644,1.9728451346545972,0.0,39679.0,1.5053946557299966,0.0,0
3.8016523836322182,1.3846283243850768,87.0,35268.0,0.46439514165438844,1.9728948560401178,0.0,39678.0,1.5053946557299966,0.0,0
3.810199600390691,1.391858369093665,88.0,35406.0,0.4658524542752602,1.973044035235281,0.0,39675.0,1.5053946557299966,0.0,0
3.8277049667206393,1.4080975497812294,89.0,35693.0,0.4673070243643848,1.9732429759259853,0.0,39671.0,1.5053946557299966,0.0,0
3.843884307269003,1.422990202262924,90.0,35954.0,0.4687363883088174,1.9733922077735144,0.0,39668.0,1.5053946557299966,0.0,0
3.856351349930135,1.4342586477274493,91.0,36151.0,0.47017438314825877,1.9736409776859989,0.0,39663.0,1.5053946557299966,0.0,0
3.868570119595989,1.4452938923907857,92.0,36346.0,0.47159906193352263,1.973889810327293,0.0,39658.0,1.5053946557299966,0.0,0
3.888085197688187,1.46352902706539,93.0,36678.0,0.47297611601368755,1.973989360953192,0.0,39656.0,1.5053946557299966,0.0,0
3.9031902517457513,1.4773313727795228,94.0,36908.0,0.4743277789897286,1.9740391400317687,0.0,39655.0,1.5053946557299966,0.0,0
3.9483358787079585,1.5214937472600016,95.0,37671.0,0.47575779423974024,1.974487264741961,0.0,39646.0,1.5053946557299966,0.0,0
3.963976975464568,1.5358596111458898,96.0,37919.0,0.47708379434740794,1.9745370689357993,0.0,39645.0,1.5053946557299966,0.0,0
3.976053748263612,1.546675401880648,97.0,38101.0,0.47839579330954585,1.9745868756422096,0.0,39644.0,1.5053946557299966,0.0,0
3.9928959253433494,1.5622702238930173,98.0,38374.0,0.4796946209622841,1.9746366848613817,0.0,39643.0,1.5053946557299966,0.0,0
3.9996523129899972,1.5677523539259353,99.0,38464.0,0.4809688785760136,1.9746366848613826,0.0,39643.0,1.5053946557299966,0.0,0
4.010465000046585,1.5773843243073093,100.0,38640.0,0.48225336125967927,1.9747363108387725,0.0,39641.0,1.5053946557299966,0.0,0
4.014595350611189,1.5802657360728232,101.0,38701.0,0.4835023000587697,1.974736310838772,0.0,39641.0,1.5053946557299966,0.0,0
4.031830981364947,1.5964680605227535,102.0,38982.0,0.48479673285345604,1.9749854197688916,0.0,39636.0,1.5053946557299966,0.0,0
4.049504536911761,1.6130805988382997,103.0,39258.0,0.48606815378820795,1.9751847521689487,0.0,39632.0,1.5053946557299966,0.0,0
4.0600105555103445,1.6223740645593232,104.0,39420.0,0.487280706665768,1.9751847521689487,0.0,39632.0,1.5053946557299966,0.0,0
4.0772798633120075,1.6385269341232749,105.0,39694.0,0.4885040814567759,1.9752844334584856,0.0,39630.0,1.5053946557299966,0.0,0
4.085650736564904,1.645793775082997,106.0,39813.0,0.48971577464147675,1.9753841248097248,0.0,39628.0,1.5053946557299966,0.0,0
4.092661702210014,1.6516284579987652,107.0,39918.0,0.4908920573708181,1.9753841248097253,0.0,39628.0,1.5053946557299966,0.0,0
4.097842266585966,1.6556870676696909,108.0,39986.0,0.49206812745430667,1.9754339742589588,0.0,39627.0,1.5053946557299966,0.0,0
4.151779954946063,1.708945447908915,109.0,40849.0,0.4933520224188782,1.9759824842982563,0.0,39616.0,1.5053946557299966,0.0,0
,inf,109.0,560000.0,,,0.0,0.0,1.5053946557299966,0.0,1
